Visit types - general population June 2014,,,,,
,,,,,
,,PUT THIS IN THE VISIT_SOURCE_VALUE,,,
PRS_NAT_REF,PERCENT,PRS_NAT_LIB,Translation,mapped_omop,mapped_label
3313,28.33052571,PHARMACIE 65%,PHARMACY 65% PHARMACY,581458,Pharmacy visit
3111,14.4115811,ACTES EN AMI,FRIENDLY Nurse ACTS,9202,Outpatient Visit
1111,7.113033415,CONSULTATION COTEE C,CONSULTATION COTEE C,9202,Outpatient Visit
3312,7.023648487,PHARMACIE PH4,PHARMACY PH4,581458,Pharmacy visit
3112,5.619207988,"ACTES INFIRMIERS DE SOINS (AMI3-AMI13,AMI16)","NURSING ACTS OF CARE (AMI3-AMI13,AMI16)",9202,Outpatient Visit
3125,4.937964879,ACTES DE KINESITHERAPIE OSTEO-ARTICULAIRE,ACTS OF OSTEO-ARTICULAR KINESITHERAPY,9202,Outpatient Visit
3211,4.781924427,ACTES DE BIOLOGIE,ACTS OF BIOLOGY,32036,Laboratory Visit
1112,3.042728372,CONSULTATION COTEE CS,CS RATED CONSULTATION,9202,Outpatient Visit
1352,2.137847281,ACTES TECHNIQUES MEDICAUX  (hors IMAGERIE) CCAM,MEDICAL TECHNICAL ACTS (excluding IMAGING) CCAM,9202,Outpatient Visit
3341,2.11556255,PHARMACIE 15%,PHARMACEUTICALS 15%.,581458,Pharmacy visit
3122,1.726082514,ACTES EN AMK,ACTS IN AMK,9202,Outpatient Visit
1351,1.499420801,ACTE D'IMAGERIE (hors ECHOGRAPHIE) CCAM,IMAGING ACT (excluding ECHOGRAPHY) CCAM,9202,Outpatient Visit
1842,1.067236682,INDEMNITES FORFAITAIRES DE DEPLACEMENT DES AUXILIAIRES MEDICAUX ET ASSIMILES,LUMP-SUM TRAVEL ALLOWANCES FOR MEDICAL AUXILIARIES AND RELATED STAFF,9202,Outpatient Visit
1211,1.057983744,VISITE COTEE V,VISIT LISTED V,9202,Outpatient Visit
1324,0.8858579208,ACTE D'ECHOGRAPHIE CCAM,CCAM ULTRASOUND ACT,9202,Outpatient Visit
1433,0.7123203263,ACTES EN SC (ET SCA POUR LA CRPCEN),ACTS IN SC (AND SCA FOR THE CRPCEN),9202,Outpatient Visit
4382,0.6830343434,PHARMACIE NON REMBOURSABLE,NON-REFUNDABLE PHARMACY,581458,Pharmacy visit
1113,0.6276393382,CONSULTATION COTEE CNP,CONSULTATION RATED CNP,9202,Outpatient Visit
3132,0.6063338741,ACTES DES ORTHOPHONISTES,ACTS OF SPEECH THERAPISTS,9202,Outpatient Visit
3223,0.57279965,PRELEVEMENT SANGUIN PAR UN TECHNICIEN DE LABORATOIRE,BLOOD SAMPLE TAKEN BY A LABORATORY TECHNICIAN,32036,Laboratory Visit
1126,0.4655968617,MAJORATION DE COORDINATION SPECIALISTES,SPECIALIST COORDINATION SURCHARGE,9202,Outpatient Visit
6111,0.4204781669,IJ NORMALES -3 MOIS,IJ NORMAL -3 MONTHS,9202,Outpatient Visit
3533,0.4180027195,VERRES / VERRES POUR ENFANT<18 ans -CRPCEN- (hors codage LPP),GLASSES / GLASSES FOR CHILDREN UNDER 18 -CRPCEN- (excluding LPP coding),9202,Outpatient Visit
3515,0.4069539843,ARTICLES DE PANSEMENTS (CHAP. 4),DRESSING ARTICLES (CHAPTER 4),581458,Pharmacy visit
1331,0.3931423523,ACTES DE RADIOLOGIE,ACTS OF RADIOLOGY,9202,Outpatient Visit
3116,0.3844973924,MAJORATION POUR ACTE UNIQUE,SINGLE ACT SURCHARGE,9202,Outpatient Visit
3514,0.3808548477,MATERIELS ET APPAREILS POUR TRAITEMENTS DIVERS (CHAP. 3),EQUIPMENT AND APPARATUS FOR VARIOUS TREATMENTS (CHAP. 3),9202,Outpatient Visit
3512,0.3174753315,AUTRES MATERIELS POUR TRAITEMENTS A DOMICILE (CHAP. 1),OTHER EQUIPMENT FOR HOME TREATMENT (CHAPTER 1),9202,Outpatient Visit
1811,0.3002510002,IK PLAINE,IK PLAINE,9202,Outpatient Visit
1117,0.2652810508,CONSULTATION DES SPECIALISTES COTEE C2,SPECIALIST CONSULTATION RATED C2,9202,Outpatient Visit
3222,0.2548043624,PRELEVEMENT SANGUIN PAR UN DIRECTEUR DE LABORATOIRE,BLOOD SAMPLING BY A LABORATORY DIRECTOR,32036,Laboratory Visit
4214,0.2282063722,TAXIS,TAXIS,9202,Outpatient Visit
3311,0.2214336345,PHARMACIE 100%,100% PHARMACY,581458,Pharmacy visit
2111,0.2200798475,FRAIS D HEBERGEMENT ET ENVIRONNEMENT EN GHS,ACCOMMODATION COSTS AND ENVIRONMENT IN GHS,9202,Outpatient Visit
3511,0.2184260638,"APPAREILS D  ASSISTANCE RESPIRATOIRE,OXYGENOTHERAPIE A DOMICILE","RESPIRATORY ASSISTANCE DEVICES, OXYGEN THERAPY AT HOME",9202,Outpatient Visit
1423,0.2069847474,ACTES DE PROTHESE DENTAIRE PRATIQUES PAR LE CHIRURGIEN-DENTISTE,DENTAL PROSTHETIC PROCEDURES PERFORMED BY THE DENTAL SURGEON,9202,Outpatient Visit
1130,0.2062387482,FORFAIT MEDECIN TRAITANT,TREATING PHYSICIAN PACKAGE,9202,Outpatient Visit
1116,0.2039233749,MAJORATION FORFAITAIRE TRANSITOIRE,TRANSITIONAL FLAT-RATE INCREASE,9202,Outpatient Visit
3532,0.1953957141,MONTURE/LUNETTE POUR ENFANT DE - DE 18 ANS CRPCEN (HORS CODAGE LPP),FRAME/GLASSES FOR CHILDREN UNDER 18 YEARS OLD CRPCEN (EXCLUDING LPP CODING),9202,Outpatient Visit
1321,0.1931440283,ACTE DE CHIRURGIE CCAM,ACT OF SURGERY CCAM,9202,Outpatient Visit
3521,0.1885309623,ORTHESES (PETIT APPAREILLAGE) (CHAP. 1),ORTHOSES (SMALL APPLIANCES) (CHAP. 1),9202,Outpatient Visit
8111,0.1814401674,RENTES DE VICTIME,VICTIM'S PENSIONS,9202,Outpatient Visit
6112,0.1698226173,IJ NORMALES +3MOIS,IJ NORMAL +3 MONTHS,9202,Outpatient Visit
3133,0.1677726403,ACTES DES ORTHOPTISTES,ACTS OF ORTHOPTISTS,9202,Outpatient Visit
4212,0.1588350981,AMBULANCES AGREEES,APPROVED AMBULANCES,9202,Outpatient Visit
3323,0.1504916557,COPIE D  ORDONNANCE,PRESCRIPTION COPY,9202,Outpatient Visit
6011,0.146383717,CARENCE -,CARENCY -,9202,Outpatient Visit
4213,0.1443341203,VEHICULES SANITAIRES LEGERS (VSL),LIGHT SANITARY VEHICLES (VSL),9202,Outpatient Visit
1911,0.1413014547,ACTES DES SAGES-FEMMES,ACTS OF MIDWIVES,9202,Outpatient Visit
1812,0.1383087127,IK MONTAGNE,IK MONTAGNE,9202,Outpatient Visit
7111,0.1265029518,PENSION INVALIDITE AVANTAGES DE BASE,DISABILITY PENSION BASIC BENEFITS,9202,Outpatient Visit
2351,0.1263143607,FORFAIT TECHNIQUE NORMAL IRMN -SCANNERS,NORMAL TECHNICAL PACKAGE IRMN -SCANNERS,9202,Outpatient Visit
1323,0.1233041284,ACTE D'ANESTHESIE CCAM,CCAM ANESTHESIA PROCEDURE,9202,Outpatient Visit
3121,0.1150464264,ACTES AMC,AMC ACTS,9202,Outpatient Visit
3522,0.1069672396,DIVERS ORTHESES,VARIOUS ORTHOTICS,9202,Outpatient Visit
1114,0.09239078737,CONSULTATION SPECIFIQUE CARDIOLOGIE,SPECIFIC CARDIOLOGY CONSULTATION,9202,Outpatient Visit
1432,0.08894976138,ACTES EN DC,ACTS IN DC,9202,Outpatient Visit
3322,0.08511425313,MAJORATION POUR ACHAT HORS HEURES OUVRABLES,SURCHARGE FOR PURCHASES OUTSIDE OF BUSINESS HOURS,9202,Outpatient Visit
6115,0.08310895246,IJ MAJOREES -3MOIS,IJ MAJOREES -3 MONTHS,9202,Outpatient Visit
3117,0.07720616705,MAJORATION DE COORDINATION ET D'ENVIRONNEMENT DE SOIN INFIRMIER,COORDINATION AND NURSING ENVIRONMENT ENHANCEMENT,9202,Outpatient Visit
3326,0.0761109322,PREPARATION MAGISTRALE REMBOURSABLE,REIMBURSABLE MAGISTRAL PREPARATION,9202,Outpatient Visit
2238,0.07340202726,FORFAIT D ACCUEIL ET DE TRAITEMENT DES URGENCES,EMERGENCY RECEPTION AND TREATMENT PACKAGE,9202,Outpatient Visit
1224,0.07315792354,MD (CRITERES MEDICAUX),MD (MEDICAL CRITERIA),9202,Outpatient Visit
1312,0.06990929083,ACTES DE SPECIALITE EN K,ACTS OF SPECIALITY IN K,9202,Outpatient Visit
3327,0.06711217396,PREPARATION MAGISTRALE HOMEOPATHIQUE,HOMEOPATHIC MASTER PREPARATION,9202,Outpatient Visit
3316,0.06692529393,MEDICAMENTS D  EXCEPTION,EXCEPTION DRUGS,581458,Pharmacy visit
1451,0.0658287283,SOINS DENTAIRES,DENTAL CARE,9202,Outpatient Visit
1424,0.05887804591,TRAITEMENTS D  ORTHODONTIE PRATIQUES PAR LE CHIRURGIEN-DENTISTE (ET ETO POUR LA CRPCEN),PRACTICAL ORTHODONTIC TREATMENT BY THE DENTAL SURGEON (AND ETO FOR THE CRPCEN),9202,Outpatient Visit
1931,0.05546895873,MAJORATION NOURRISSON PEDIATRE,PEDIATRICIAN INFANT SUPPLEMENT,9202,Outpatient Visit
2212,0.05522086265,MAJORATION PMSI,PMSI INCREASE,9202,Outpatient Visit
2252,0.05501478132,FORFAIT JOURNALIER DE SORTIE,DAILY EXIT FEE,9202,Outpatient Visit
1121,0.05438475037,HONORAIRE DE SURVEILLANCE,MONITORING FEE,9202,Outpatient Visit
2352,0.04969012629,FORFAIT TECHNIQUE REDUIT IRMN -SCANNERS,REDUCED TECHNICAL PACKAGE IRMN -SCANNERS,9202,Outpatient Visit
6122,0.04929887594,IJ POSTNATALES,IJ POSTNATALS,9202,Outpatient Visit
2213,0.04829679594,FRAIS DE SEJOUR IME,IME STAY COSTS,9202,Outpatient Visit
4381,0.04753862955,ACTES NON NOMENCLATURE,NON-NOMENCLATURE ACTS,9202,Outpatient Visit
1843,0.04643445944,INDEMNITES FORFAITAIRES DE DEPLACEMENT MK ORTHOPEDIQUE ET RHUMATOLOGIQUE,LUMP-SUM ORTHOPEDIC AND RHEUMATOLOGIC TRAVEL ALLOWANCES MK,9202,Outpatient Visit
1845,0.04516698318,INDEMNITES FORFAITAIRES DE DEPLACEMENT MK NEUROLOGIQUE,LUMP-SUM COMPENSATION FOR NEUROLOGICAL MK TRAVEL,9202,Outpatient Visit
2211,0.0442337237,FRAIS DE SEJOUR,STAY EXPENSES,9202,Outpatient Visit
3518,0.0438976058,APPAREIL GENERATEUR D AEROSOL,AEROSOL GENERATING DEVICE,9202,Outpatient Visit
1453,0.04212937471,PROPHYLAXIE BUCCO DENTAIRE CCAM,CCAM ORAL PROPHYLAXIS,9202,Outpatient Visit
1148,0.0358457951,REMUNERATION FORFAITAIRE PAR CONSULTATION POUR LE SUIVI DES PERSONNES AGEES,FIXED FEE PER CONSULTATION FOR THE FOLLOW-UP OF ELDERLY PEOPLE,9202,Outpatient Visit
6121,0.03491576752,IJ PRENATALES,IJ PRENATALS,9202,Outpatient Visit
1336,0.03116847121,ACTE DE RADIOLOGIE MAMMOGRAPHIE DEPISTAGE,ACT OF RADIOLOGY MAMMOGRAPHY SCREENING,9202,Outpatient Visit
3315,0.03036087572,MEDICAMENTS ANTIRETROVIRAUX,ANTIRETROVIRAL DRUGS,581458,Pharmacy visit
4215,0.02793200566,VEHICULES PERSONNELS,PERSONAL VEHICLES,9202,Outpatient Visit
3541,0.02748467228,APPAREILS ELECTRONIQUES DE SURDITE  (CHAP 3.),ELECTRONIC DEVICES FOR DEAFNESS (CHAPTER 3.),9202,Outpatient Visit
1914,0.024773486,FORFAIT PEDIATRIQUE,PEDIATRIC PACKAGE,9202,Outpatient Visit
1133,0.02432767352,MAJORATION GENERALISTE ENFANT,GENERALIST CHILDREN'S SURCHARGE,9202,Outpatient Visit
3332,0.02332863531,VACCIN ROR,VACCIN ROR,581458,Pharmacy visit
3225,0.02286057973,PRELEVEMENT PAR PONCTION VEINEUSE DIRECTE POUR UN MEDECIN BIOLOGISTE,DIRECT VENIPUNCTURE SAMPLING FOR A MEDICAL BIOLOGIST,32036,Laboratory Visit
2336,0.02259290213,FORFAIT POUR CONSULTATION EN CENTRE MEDICO-PSYCHO PEDAGOGIQUE,PACKAGE FOR CONSULTATION IN MEDICAL-PSYCHO-PEDAGOGICAL CENTER,9202,Outpatient Visit
4111,0.02237465363,FORFAIT DE SURVEILLANCE MEDICALE  1ER HANDICAP,MEDICAL SURVEILLANCE PACKAGE 1ST HANDICAP,9202,Outpatient Visit
1935,0.02203036092,"MAJORATION CONSULTATION REGULEE DIMANCHE, JOURS FERIES ET ASSIMILES","SURCHARGE FOR CONSULTATION ON SUNDAYS, PUBLIC HOLIDAYS AND HOLIDAYS FOR THE SAME PERIOD",9202,Outpatient Visit
3551,0.02165850198,"IMPLANT INTERNE (CHAP. 1, 2 ET 3)","INTERNAL IMPLANT (CHAPTERS 1, 2 AND 3)",9202,Outpatient Visit
1141,0.02087219902,MAJORATION PEDIATRE ENFANT,CHILD PEDIATRICIAN SURCHARGE,9202,Outpatient Visit
1932,0.0205404537,MAJORATION NOURRISSON GENERALISTE,GENERALIST INFANT SURCHARGE,9202,Outpatient Visit
3513,0.02049292572,MATERIELS ET APPAREILS DE CONTENTION ET DE MAINTIEN (CHAP. 2),RESTRAINT AND SUPPORT EQUIPMENT AND DEVICES (CHAPTER 2),9202,Outpatient Visit
1212,0.02023817573,VISITE COTEE VS,RATED VISIT VS,9202,Outpatient Visit
3221,0.01948343135,PRELEVEMENT AUTRE QUE SANGUIN PAR UN DIRECTEUR DE LABORATOIRE,NON-BLOOD SAMPLING BY A LABORATORY DIRECTOR,32036,Laboratory Visit
9421,0.01866290825,PREVENTION BUCCO-DENTAIRE: CONSULTATION,ORAL PREVENTION: CONSULTATION,9202,Outpatient Visit
2135,0.01796995025,FORFAIT D AUTODIALYSE ASSISTEE,ASSISTED SELF-DIALYSIS PACKAGE,9202,Outpatient Visit
2339,0.01773611258,AUTRES FORFAITS DIVERS (Y COMPRIS NUTRITION ENTERALE A DOMICILE),OTHER MISCELLANEOUS PACKAGES (INCLUDING IN-HOME FEEDING),9202,Outpatient Visit
2132,0.01769124616,FORFAIT D HEMODIALYSE EN UNITE DE DIALYSE MEDICALISEE,HEMODIALYSIS PACKAGE IN A MEDICALIZED DIALYSIS UNIT,9202,Outpatient Visit
1311,0.01768763403,ACTES EN K CHIRURGICAL,ACTS IN SURGICAL K,9202,Outpatient Visit
1129,0.01760683646,MAJORATION FORFAITAIRE TRANSITOIRE (POUR LES MOINS DE 16 ANS),TRANSITIONAL FLAT-RATE INCREASE (FOR CHILDREN UNDER 16),9202,Outpatient Visit
4113,0.01712908517,PRATIQUES MEDICALES COMPLEMENTAIRES COTEES EN K,COMPLEMENTARY MEDICAL PRACTICES RATED IN K,9202,Outpatient Visit
1140,0.01650152568,CONSULTATION SPECIFIQUE DE DEPISTAGE,SPECIFIC SCREENING CONSULTATION,9202,Outpatient Visit
3134,0.01646825609,ACTE DE PEDICURE-PODOLOGUE (DIABETIQUE),PEDICURE-PODIATRIST ACT (DIABETIC),9202,Outpatient Visit
3381,0.0161593242,PREPARATION PHARMACEUTIQUE INDIVIDUALISEE (ALLERGENES),INDIVIDUALIZED PHARMACEUTICAL PREPARATION (ALLERGENS),581458,Pharmacy visit
3317,0.01595419343, PHARMACIE HOSPITALIERE A 100%,100% HOSPITAL PHARMACY,581458,Pharmacy visit
3115,0.01502606697,DEMARCHE INFIRMIER,NURSING WALK,9202,Outpatient Visit
6117,0.01431523845,"IJ PARTIELLE,  PERTE DE SALAIRE -3MOIS","PARTIAL IJ, WAGE LOSS -3 MONTHS",9202,Outpatient Visit
2231,0.01369813512,FORFAIT PHARMACEUTIQUE,PHARMACEUTICAL PACKAGE,581458,Pharmacy visit
7112,0.01310023309,PENSION INVALIDITE ALLOCATIONS SUPPLEMENTAIRES,DISABILITY PENSION SUPPLEMENTARY ALLOWANCES,9202,Outpatient Visit
2237,0.01269434411,PART COMPLEMENTAIRE AIDE MEDICALE ETAT,COMPLEMENTARY PART MEDICAL AID STATE,9202,Outpatient Visit
1115,0.01236050756,CONSULTATION BILAN,CONSULTATION BALANCE SHEET,9202,Outpatient Visit
1470,0.01228940569,ENDODONTIE,ENDODONTIE,9202,Outpatient Visit
4331,0.01177287157,"REMBOURSEMENTS DE SOINS A L  ETRANGER (ET1 A ET6 ET ET8 A ET9, ETB ETA, ETH, ETT, ETP, ETX )","REIMBURSEMENTS FOR CARE ABROAD (ET1 A ET6 ET ET8 A ET9, ETB ETA, ETH, ETT, ETP, ETX )",9202,Outpatient Visit
8113,0.01162629527,RENTES DE CONJOINT SURVIVANT,SURVIVING SPOUSE'S PENSIONS,9202,Outpatient Visit
2250,0.01161678967,FORFAIT JOURNALIER AIDE MEDICALE,DAILY FEE FOR MEDICAL ASSISTANCE,9202,Outpatient Visit
4221,0.01151260833,AMBULANCE AGREEE DE GARDE,AMBULANCE ON CALL,9202,Outpatient Visit
5203,0.01105729025,FORFAIT PROTHESE DENTAIRE CONJOINTE,JOINT DENTAL PROSTHESIS PACKAGE,9202,Outpatient Visit
1846,0.01069683803,INDEMNITES FORFAITAIRES DE DEPLACEMENT MK PNEUMOLOGIE,LUMP-SUM TRAVEL ALLOWANCES MK PNEUMOLOGY,9202,Outpatient Visit
3328,0.01044988263,MEDICAMENTS  HOMEOPATHIQUES UNITAIRES,UNITARY HOMEOPATHIC MEDICINES,581458,Pharmacy visit
1938,0.01021984719,"MAJORATION VISITE REGULEE DE DIMANCHE, JOURS FERIES ET ASSIMILES","INCREASE FOR SUNDAY'S REGULAR VISIT, HOLIDAYS AND HOLIDAYS WITH MEALS AND DISHES",9202,Outpatient Visit
2251,0.01004437387,FORFAIT JOURNALIER,DAILY RATE,9202,Outpatient Visit
1137,0.00982954739,MAJORATION NOURRISSON,INFANT SURCHARGE,9202,Outpatient Visit
1936,0.009717001125,MAJORATION VISITE REGULEE  DE NUIT,NIGHT VISIT SURCHARGE,9202,Outpatient Visit
3583,0.009517383596,MONTURE (CMU),MOUNTING (CMU),9202,Outpatient Visit
3113,0.009309591253,ACTES INFIRMIERS DES SAGES-FEMMES (SFI),NURSING ACTS OF MIDWIVES (SFI),9202,Outpatient Visit
1933,0.009214725398,MAJORATION CONSULTATION REGULEE  DE NUIT,NIGHT CONSULTATION SURCHARGE,9202,Outpatient Visit
6118,0.008889443881,"IJ PARTIELLE,  PERTE DE SALAIRE +3MOIS","PARTIAL IJ, WAGE LOSS +3 MONTHS",9202,Outpatient Visit
3537,0.008380894459,VERRES UNIFOCAUX OP2 (CMU),SINGLE VISION LENSES OP2 (CMU),9202,Outpatient Visit
6116,0.008321579536,IJ MAJOREES +3MOIS,IJ MAJOREES +3 MONTHS,9202,Outpatient Visit
1992,0.008280515359,PERMANENCE REMUNERATION DE NUIT,PERMANENCE NIGHT PAY,9202,Outpatient Visit
1118,0.007898200261,"CONSULTATION DES PSYCHIATRES COTEE C2,5",PSYCHIATRIST CONSULTATION RATED C2.5,9202,Outpatient Visit
3545,0.007711890567,ORTHOPROTHESES (CHAP 7.),ORTHOPROSTHESES (CHAPTER 7.),9202,Outpatient Visit
2155,0.007692309038,FORFAIT ENVIRONNEMENT HOSPITALIER 1,HOSPITAL ENVIRONMENT PACKAGE 1,9202,Outpatient Visit
1991,0.007574819863,REMUNERATION REGULATION,REMUNERATION REGULATION,9202,Outpatient Visit
1125,0.007523869865,MAJORATION DE COORDINATION DES GENERALISTES,GENERALIST COORDINATION BONUS,9202,Outpatient Visit
2222,0.007227295249,SUPPLEMENT POUR SURVEILLANCE DU MALADE,SUPPLEMENT FOR PATIENT MONITORING,9202,Outpatient Visit
2156,0.007129197492,FORFAIT ENVIRONNEMENT HOSPITALIER 2,HOSPITAL ENVIRONMENT PACKAGE 2,9202,Outpatient Visit
2234,0.007064179211,FORFAIT D  ENTREE,ENTRY PACKAGE,9202,Outpatient Visit
1476,0.007053342831,"PROTHESE FIXE CERAMIQUE, A partir du 01/04/2019 (en date de soins) PROTHESE FIXE CERAMIQUE TARIF LIBRE","FIXED CERAMIC PROTESE, From 01/04/20",9202,Outpatient Visit
5201,0.007042316338,FORFAIT PROTHESE DENTAIRE ADJOINTE,DENTAL ASSISTANT PACKAGE,9202,Outpatient Visit
1411,0.007005624735,ACTES EN SCM (ET SPA POUR LA CRPCEN),ACTS IN SCM (AND SPA FOR THE CRPCEN),9202,Outpatient Visit
3361,0.006658290234,GARDE PHARMACIE NUIT,NIGHT GUARD PHARMACY,581458,Pharmacy visit
1847,0.006273123457,INDEMNITES FORFAITAIRES DE DEPLACEMENT DE SORTIE,LUMP-SUM EXIT TRAVEL ALLOWANCES,9202,Outpatient Visit
2113,0.006007727198,GROUPE HOMOGENE DE TARIFS,HOMOGENEOUS GROUP OF RATES,9202,Outpatient Visit
2159,0.005949552947,FORFAIT DE SECURITE DERMATOLOGIQUE,DERMATOLOGICAL SAFETY PACKAGE,9202,Outpatient Visit
3320,0.005949172723,PHARMACIE HOSPITALIERE EN SUS DU GHS,HOSPITAL PHARMACY IN ADDITION TO THE GHS,581458,Pharmacy visit
6212,0.005933013209,IJ CONGE MATERNITE AU PERE,IJ MATERNITY LEAVE TO THE FATHER,9202,Outpatient Visit
4219,0.005748984857,AUTRES MODES DE TRANSPORT,OTHER MODES OF TRANSPORTATION,9202,Outpatient Visit
3516,0.005696704076,NUTRIMENTS POUR INTOLERANTS AU GLUTEN (CHAP. 3),NUTRIENTS FOR GLUTEN INTOLERANTS (CHAP. 3),9202,Outpatient Visit
4112,0.00563910016,FORFAIT DE SURVEILLANCE MEDICALE REDUIT  2EME HANDICAP,REDUCED MEDICAL SURVEILLANCE FEE 2ND HANDICAP,9202,Outpatient Visit
9731,0.005603169005,COMPLEMENT A L'ACS,COMPLEMENT TO THE ACS,9202,Outpatient Visit
4222,0.005547846432,INDEMNITE DE GARDE AMBULANCIERE,AMBULANCE ATTENDANT ALLOWANCE,9202,Outpatient Visit
3581,0.005475984121,VERRES UNIFOCAUX OP5(CMU),SINGLE VISION LENSES OP5(CMU),9202,Outpatient Visit
1844,0.005407353714,INDEMNITES FORFAITAIRES DE DEPLACEMENT MK RHUMATISMALE,LUMP-SUM TRAVEL ALLOWANCES MK RHEUMATISM,9202,Outpatient Visit
2347,0.005388152408,FORFAIT D'ASTREINTE NUIT ET FERIE EN ETABLIS. PRIVE,ON-CALL PACKAGE FOR NIGHT AND WEEKENDS IN ESTABLISHMENTS. PRIVATE,9202,Outpatient Visit
3131,0.005169903909,ACTES DES PEDICURES,ACTS OF PEDICURES,9202,Outpatient Visit
3355,0.005145569582,MARGE FORFAITAIRE (MEDICAMENTS HOSPITALIERS),FLAT-RATE MARGIN (HOSPITAL DRUGS),581458,Pharmacy visit
3561,0.005127128724,VEHICULES POUR HANDICAPES PHYSIQUES,VEHICLES FOR PHYSICALLY HANDICAPPED PEOPLE,9202,Outpatient Visit
1473,0.005090627233,"INLAY-CORE, A partir du 01/04/2019 (en date de soins) INLAY-CORE TARIF LIBRE","INLAY-CORE, From 01/04/2019 (as of date of treatment) INLAY-CORE FREE RATE",9202,Outpatient Visit
1316,0.005078079845,ACTES DE DIAGNOSTIC COTES KE,DIAGNOSTIC PROCEDURES KE RATINGS,9202,Outpatient Visit
1127,0.00506077966,MAJORATION DE COORDINATION CARDIOLOGUES,CARDIOLOGIST COORDINATION BONUS,9202,Outpatient Visit
4154,0.0047077418,FORFAIT THERMAL 9 SEANCES INDIVIDUELLES,THERMAL PACKAGE 9 INDIVIDUAL SESSIONS,9202,Outpatient Visit
1322,0.004506033039,ACTE D'OBSTETRIQUE CCAM,ACT OF OBSTETRICS CCAM,9202,Outpatient Visit
4142,0.004308126516,FORFAIT THERMAL 2 AVEC KINESITEHRAPIE,THERMAL PACKAGE 2 WITH KINESITHERAPY,9202,Outpatient Visit
3535,0.004200142938,LENTILLES OPTIQUES,OPTICAL LENSES,9202,Outpatient Visit
3351,0.003983035111,MEDICAMENT AVEC UNE AUTORISATION TEMPORAIRE D'UTILISATION,DRUG WITH A TEMPORARY AUTHORIZATION FOR USE,581458,Pharmacy visit
1937,0.003891781383,MAJORATION VISITE REGULEE MILIEU DE NUIT,MIDNIGHT VISIT SURCHARGE,9202,Outpatient Visit
3536,0.003852047989,VERRES UNIFOCAUX OP1 (CMU),SINGLE VISION LENSES OP1 (CMU),9202,Outpatient Visit
3544,0.003629426915,CHAUSSURES ORTHOPEDIQUES (CHAP. 6),ORTHOPEDIC SHOES (CHAP. 6),9202,Outpatient Visit
4144,0.003617830087,FORFAIT THERMAL 3 AVEC 9 SEANCES KINESITHERAPIE,THERMAL PACKAGE 3 WITH 9 KINESITHERAPY SESSIONS,9202,Outpatient Visit
4143,0.003284944092,FORFAIT THERMAL 2EME ORIENTATION,THERMAL PACKAGE 2ND ORIENTATION,9202,Outpatient Visit
3531,0.00316669447,OPTIQUE MEDICALE PROPREMENT DIT,MEDICAL OPTICS PROPER,9202,Outpatient Visit
3575,0.003141029359,COMPLEMENT AT 150% LPP,COMPLEMENT AT 150% LPP,32036,Laboratory Visit
4141,0.003137987568,FORFAIT THERMAL 1,THERMAL PACKAGE 1,9202,Outpatient Visit
9566,0.003064794474,TRAITEMENT NICOTINIQUE DE SUBSTITUTION,NICOTINE REPLACEMENT THERAPY,581458,Pharmacy visit
1477,0.003058901004,"REPARATION SUR PROTHESE, A partir du 01/04/2019 (en date de soins) REPARATION PROTHESE TARIF LIBRE","PROTHESICAL REPAIR, From 01/04/2019 (as of date of treatment) PROTHESICAL REPAIR FREE RATE",9202,Outpatient Visit
3331,0.002864606608,VACCIN ANTI-GRIPPE,INFLUENZA VACCINE,581458,Pharmacy visit
1462,0.002808333476,"PROTHESE FIXE METALLIQUE, A partir du 01/04/2019 (en date de soins) PROTHESE FIXE METALLIQUE TARIF LIBRE","FIXED METALLIC PROTHESIS, From 01/04/2019 (as of date of treatment) FIXED METALLIC PROTHESIS FREE RATE",9202,Outpatient Visit
1335,0.002791413514,ACTE DE RADIOLOGIE MAMMOGRAPHIE,ACT OF RADIOLOGY MAMMOGRAPHY,9202,Outpatient Visit
2283,0.00272316333,PARTICIPATION ASSURE HOSPITALISATION PUBLIQUE (C2S + AME),PARTICIPATION ENSURES PUBLIC HOSPITALIZATION (C2S + AME),9202,Outpatient Visit
5204,0.002700349898,FORFAIT ORTHODONTIE,ORTHODONTIC PACKAGE,9202,Outpatient Visit
7113,0.002694456428,PENSION INVALIDITE MAJORATIONS POUR ASSISTANCE D  UNE TIERCE PERSONNE,DISABILITY PENSION INCREASES FOR ASSISTANCE OF A THIRD PERSON,9202,Outpatient Visit
1422,0.002657004377,TRAITEMENTS D  ORTHODONTIE PRATIQUES PAR LE MEDECIN (ET EOS POUR LA CRPCEN),PRACTICAL ORTHODONTIC TREATMENTS BY THE DOCTOR (AND EOS FOR CRPCEN),9202,Outpatient Visit
4153,0.002595598223,FORFAIT THERMAL 9 SEANCES COLLECTIVES,THERMAL PACKAGE 9 COLLECTIVE SESSIONS,9202,Outpatient Visit
1994,0.002563659418,PERMANENCE REMUNERATION DIMANCHE ET FERIE,PERMANENCE REMUNERATION ON SUNDAYS AND HOLIDAYS,9202,Outpatient Visit
1421,0.002545979008,ACTES DE PROTHESE DENTAIRE PRATIQUES PAR LE MEDECIN,DENTAL PROSTHETIC PROCEDURES PERFORMED BY THE DOCTOR,9202,Outpatient Visit
1821,0.002402634611,"ID PARIS LYON MARSEILLE, +100.000 HA, -100.000 HA","ID PARIS LYON MARSEILLE, +100.000 HA, -100.000 HA",9202,Outpatient Visit
2284,0.002375258492,PARTICIPATION ASSURE HOSPITALISATION PUBLIQUE (REGIME LOCAL),PARTICIPATION ENSURES PUBLIC HOSPITALIZATION (LOCAL REGIME),9202,Outpatient Visit
2133,0.002368604575,DIALYSE TIERCE PERSONNE,THIRD PARTY DIALYSIS,9202,Outpatient Visit
2382,0.002331532748,"FORFAIT PSYCHIATRIE SEANCE COLL, 2 INTERVENANTS 3 à 4H","PSYCHIATRY PACKAGE GROUP SESSION, 2 SPEAKERS 3 to 4H",9202,Outpatient Visit
8118,0.00232392827,MAJORATION FAUTE INEXCUSABLE RENTE VICTIME,INCREASE FOR INEXCUSABLE FAULT VICTIM'S PENSION,9202,Outpatient Visit
2386,0.002273168384,"FORFAIT PSYCHIATRIE SEANCE COLL, 2 INTERVENANT 6 à 8H","PSYCHIATRY PACKAGE GROUP SESSION, 2 SPEECHES 6 to 8H",9202,Outpatient Visit
3353,0.002262332004,PREPARATION HOSPITALIERE,HOSPITAL PREPARATION,9202,Outpatient Visit
1918,0.002255297863,MAJORATION D'URGENCE,EMERGENCY SURCHARGE,9202,Outpatient Visit
3318,0.00214883518, PHARMACIE HOSPITALIERE A 65%,65% HOSPITAL PHARMACY,9202,Outpatient Visit
1132,0.002148645068,MAJORATION CONSULTATION ENDOCRINO,ENDOCRINO CONSULTATION SURCHARGE,9202,Outpatient Visit
2152,0.002123740405,SUPPLEMENT SURVEILLANCE CONTINUE,SUPPLEMENT CONTINUOUS MONITORING,9202,Outpatient Visit
3539,0.002089900481,VERRES UNIFOCAUX OP4 (CMU),SINGLE VISION LENSES OP4 (CMU),9202,Outpatient Visit
9422,0.002035528468,PREVENTION BUCCO-DENTAIRE: RADIO DEUX CLICHES,ORAL PREVENTION: TWO-PLATE RADIO,9202,Outpatient Visit
3314,0.00200625123,HORMONE DE CROISSANCE,GROWTH HORMONE,581458,Pharmacy visit
9423,0.001906252353,PREVENTION BUCCO-DENTAIRE: RADIO QUATRE CLICHES,ORAL PREVENTION: FOUR-PLATE RADIO,9202,Outpatient Visit
1431,0.001877545451,ACTES EN D (ET OCC POUR LA CRPCEN),ACTS IN D (AND OCC FOR THE CRPCEN),9202,Outpatient Visit
1122,0.001853971572,EXAMEN SPECIAL (PROTOCOLE),SPECIAL EXAMINATION (PROTOCOL),9202,Outpatient Visit
3542,0.001783820268,PROTHESES EXTERNES NON ORTHOPEDIQUES (CHAP. 4),NON-ORTHOPEDIC EXTERNAL PROSTHESES (CHAPTER 4),9202,Outpatient Visit
4151,0.00177412456,FORFAIT THERMAL 18 SEANCES COLLECTIVES,THERMAL PACKAGE 18 COLLECTIVE SESSIONS,9202,Outpatient Visit
8115,0.001711577734,RENTES D  ORPHELIN,ORPHAN PENSIONS,9202,Outpatient Visit
2153,0.001673935571,FORFAIT SOINS INTENSIFS,INTENSIVE CARE PACKAGE,9202,Outpatient Visit
1701,0.001633441729,CDS  MEDICAL OPTANT FORF DEBUT,CDS MEDICAL OPTING FORF DEBUT,9202,Outpatient Visit
3343,0.001549792479,PREPARATION MAGISTRALE ALLOPATHIQUE,ALLOPATHIC MAGISTRAL PREPARATION,9202,Outpatient Visit
1997,0.001548461695,PERMANENCE REMUNERATION SAMEDI APRES MIDI,PERMANENCE REMUNERATION SATURDAY AFTERNOON,9202,Outpatient Visit
3325,0.001545419904,MAJORATION PHARMACIE DES ILES,ISLAND PHARMACY SURCHARGE,581458,Pharmacy visit
1993,0.001524127368,PERMANENCE REMUNERATION MILIEU DE NUIT,MID-NIGHT PERMANENCE AND REMUNERATION,9202,Outpatient Visit
1922,0.001496180914,CONSULTATION,CONSULTATION,9202,Outpatient Visit
1704,0.001425839498,CDS DENTAIRE OPTANT FORF INITIAL,DENTAL CDS OPTING FORF INITIAL,9202,Outpatient Visit
1995,0.001418995469,PERMANENCE REMUNERATION TOTAL,PERMANENCE REMUNERATION TOTAL,9202,Outpatient Visit
2344,0.001406448081,FORFAIT DE GARDE NUIT ET FERIE EN ETABLIS. PRIVE,NIGHT WATCH AND IRONING IN ESTABLISHMENTS. PRIVATE,9202,Outpatient Visit
4131,0.001393710582,FRAIS DE TRANSPORT - CURES THERMALES,TRANSPORT COSTS - SPA TREATMENTS,9202,Outpatient Visit
2221,0.00132469995,SUPPLEMENT CHAMBRE PARTICULIERE,EXTRA CHARGE FOR PRIVATE ROOM,9202,Outpatient Visit
3517,0.001306639316,ALIMENTS DESTINES A DES FINS MEDICALES,FOODS FOR MEDICAL PURPOSES,581458,Pharmacy visit
1474,0.001303407413,"PROTHESE AMOVIBLE DEFINITIVE METALLIQUE, A partir du 01/04/2019 (en date de soins) PROTHESE AMOVIBLE METALLIQUE TARIF LIBRE","METAL DEFINITIVE REMOVABLE PROTECT, From 01/04/2019 (as of date of treatment) METAL REMOVABLE PROTECT FREE RATE",9202,Outpatient Visit
1841,0.001282685213,INDEMNITES FORFAITAIRES DE DEPLACEMENT,LUMP-SUM TRAVEL ALLOWANCES,9202,Outpatient Visit
4132,0.001261012452,FRAIS D  HOTEL - CURES THERMALES,HOTEL COSTS - SPA TREATMENTS,9202,Outpatient Visit
4316,0.001242191371,EXPERTISE,EXPERTISE,9202,Outpatient Visit
2338,0.001212153686,FORFAIT PETIT MATERIEL,SMALL EQUIPMENT PACKAGE,9202,Outpatient Visit
3356,0.001207400887,PHARMACIE HOSPITALIERE DEROGATOIRE,DISPENSATORY HOSPITAL PHARMACY,9202,Outpatient Visit
2380,0.001182876448,"FORFAIT PSYCHIATRIE SEANCE COLL, 1 INTERVENANT 3 à 4H","PSYCHIATRY PACKAGE GROUP SESSION, 1 LECTURER 3 to 4H",9202,Outpatient Visit
2141,0.001182116,FRAIS DE CHAMBRE PARTICULIERE POUR CONVENANCE PERSONNELLE,PRIVATE ROOM FEE FOR PERSONAL CONVENIENCE,9202,Outpatient Visit
3572,0.001155500329,ECART TIPS INDEMNISABLE,INDEMNIFIABLE DIFFERENCE TIPS,9202,Outpatient Visit
2381,0.001150177195,"FORFAIT PSYCHIATRIE SEANCE IND, 1 INTERVENANT 3 à 4H","PSYCHIATRY PACKAGE IND, 1 LECTURER 3 to 4H",9202,Outpatient Visit
3552,0.001145804621,IMPLANT MU PAR ELECTRICITE (CHAP. 4),ELECTRICALLY DRIVEN IMPLANT (CHAPTER 4),9202,Outpatient Visit
1465,0.001143143054,IMPLANTOLOGIE - CCAM,IMPLANTOLOGY - CCAM,9202,Outpatient Visit
2138,0.001136679248,FORFAIT DE DIALYSE PERITONEALE CONTINUE AMBULATOIRE (DPCA),CONTINUOUS AMBULATORY PERITONEAL DIALYSIS (CPD) PACKAGE,9202,Outpatient Visit
1923,0.0011359188,EXAMEN DE SUIVI POST NATAL,POST-NATAL FOLLOW-UP EXAMINATION,9202,Outpatient Visit
4211,0.001127363763,SERVICES MOBILES D  URGENCE ET DE REANIMATION (SMUR),MOBILE EMERGENCY AND RESUSCITATION SERVICES (SMUR),9202,Outpatient Visit
3363,0.001089531489,GARDE PHARMACIE DIMANCHE,PHARMACY GUARD ON SUNDAYS,581458,Pharmacy visit
1214,0.001060634475,VISITE LONGUE ET COMPLEXE,LONG AND COMPLEX VISIT,9202,Outpatient Visit
1522,0.001045045296,MAJORATION ASTREINTE,SURCHARGE,9202,Outpatient Visit
1702,0.001027174775,CDS MEDICAL OPTANT FORF FIN,CDS MEDICAL OPTING FORF FIN,9202,Outpatient Visit
8226,0.0009659587322,INDEMNITE EN CAPITAL ACCIDENT DU TRAVAIL,CAPITAL COMPENSATION FOR WORK-RELATED ACCIDENTS,9202,Outpatient Visit
1913,0.0009212824279,MAJORATION MILIEU DE NUIT,MID-NIGHT SURCHARGE,9202,Outpatient Visit
6221,0.0008996096675,ALLOCATION REPOS MATERNEL NORMAL,NORMAL MATERNAL REST ALLOWANCE,9202,Outpatient Visit
2137,0.0008977085482,FORFAIT DE DIALYSE PERITONEALE AUTOMATISEE (DPA),AUTOMATED PERITONEAL DIALYSIS PACKAGE (DPA),9202,Outpatient Visit
2337,0.0008769863475,SEANCE DE DIAGNOSTIC,DIAGNOSTIC SESSION,9202,Outpatient Visit
2391,0.00085265202,FORFAIT TECHNIQUE TARIF REDUIT N°2,TECHNICAL PACKAGE REDUCED RATE N°2,9202,Outpatient Visit
5202,0.0008478992217,FORFAIT REPARATION PROTHESE ADJOINTE,PACKAGE REPAIR PROSTHESIS ASSISTANT,9202,Outpatient Visit
0,0.000844096983,SANS OBJET,NOT APPLICABLE,9202,Outpatient Visit
1471,0.0008408650802,"INLAY-ONLAY, A partir du 01/04/2019 (en date de soins) INLAY-ONLAY TARIF LIBRE","INLAY-ONLAY, From 01/04/2019 (as of date of treatment) INLAY-ONLAY FREE RATE",9202,Outpatient Visit
2346,0.0008393441847,FORFAIT POUR ASTREINTE DE NUIT OU SAMEDI APRES MIDI EN ETABLIS. PRIVE,FIXED PRICE FOR NIGHT DUTY OR SATURDAY AFTERNOON IN A RESTAURANT. PRIVATE,9202,Outpatient Visit
8119,0.0008115878425,MAJORATION FAUTE INEXCUSABLE RENTE CONJOINT,INCREASE FOR INEXCUSABLE FAULT JOINT PENSION,9202,Outpatient Visit
1706,0.0008005613503,CDS DENTAIRE OPTANT FORF FINAL,DENTAL CDS OPTING FORF FINAL,9202,Outpatient Visit
4152,0.0007927667611,FORFAIT THERMAL 18 SEANCES INDIVIDUELLES,THERMAL PACKAGE 18 INDIVIDUAL SESSIONS,9202,Outpatient Visit
2136,0.0007914359776,FORFAIT D HEMODIALYSE A DOMICILE,HOME HEMODIALYSIS PACKAGE,9202,Outpatient Visit
1134,0.0007864930673,MAJORATION PREMIERE CONSULTATION FAMILLE,FIRST FAMILY CONSULTATION SURCHARGE,9202,Outpatient Visit
1154,0.0007823106048,MAJORATION CONSULTATION SUIVI APRES HOSPITALISATION PATIENTS A FORTE COMORBIDITE,INCREASE IN CONSULTATION AND FOLLOW-UP AFTER HOSPITALIZATION FOR PATIENTS WITH SEVERE COMORBIDITIES,9202,Outpatient Visit
3352,0.0007747061274,PREPARATION MAGISTRALE HOSPITALIRE,HOSPITAL MASTERFUL PREPARATION,9202,Outpatient Visit
2112,0.0007663412024,FRAIS DE SEJOUR SUPPLEMENTAIRE AU GHS,ADDITIONAL STAY COSTS AT GHS,9202,Outpatient Visit
3354,0.0007444783301,MEDICAMENT AVEC AUTORISATION D'IMPORTATION,DRUG WITH IMPORT AUTHORIZATION,581458,Pharmacy visit
9221,0.0007433376585,TEST DE DEPISTAGE RAPIDE (FOURNISSEUR),RAPID SCREENING TEST (SUPPLIER),9202,Outpatient Visit
9132,0.0007364936289,FRAIS DE DEPLACEMENT EN CURE THERMALE,TRAVEL EXPENSES FOR A SPA TREATMENT,9202,Outpatient Visit
8112,0.0007157714282,MAJORATIONS POUR ASSISTANCE D  UNE TIERCE PERSONNE,SURCHARGES FOR THIRD PARTY ASSISTANCE,9202,Outpatient Visit
4353,0.0007036042645,"INDEMNITE POUR PERTE DE SALAIRE (MALADIE, AT)","COMPENSATION FOR LOSS OF WAGES (ILLNESS, AT)",9202,Outpatient Visit
1472,0.0006920074365,PARODONTOLOGIE,PARODONTOLOGY,9202,Outpatient Visit
2157,0.0006667225494,FORFAIT ENVIRONNEMENT HOSPITALIER 3,HOSPITAL ENVIRONMENT PACKAGE 3,9202,Outpatient Visit
1981,0.0006532246022,FORFAIT IVG HONORAIRES DE VILLE,PACKAGE IVG CITY FEES,9202,Outpatient Visit
3329,0.0006454300129,FORFAIT MEDICAMENT IVG VILLE,IVG CITY DRUG PACKAGE,581458,Pharmacy visit
1318,0.0006439091175,ACTE DE PHONIATRIE PAR MEDECIN,ACT OF PHONIATRICS BY DOCTOR,9202,Outpatient Visit
2345,0.0006178637826,FORFAIT POUR ASTREINTE DE DEBUT DE NUIT EN ETABLIS. PRIVE,FIXED PRICE FOR ON-CALL DUTY AT THE BEGINNING OF THE NIGHT IN THE ESTABLISHMENT. PRIV,9202,Outpatient Visit
6231,0.0006157725514,IJ CONGE PRENATAL PAMC,IJ CONGE PRENATAL PAMC,9202,Outpatient Visit
1144,0.0006102593053,REMUNERATION FORFAITAIRE POUR LE SUIVI DES PATIENTS EN POST ALD,LUMP-SUM REMUNERATION FOR THE FOLLOW-UP OF PATIENTS IN POST-ACUTE CARE,9202,Outpatient Visit
4511,0.00059695147,CAPITAL DECES,DEATH CAPITAL,9202,Outpatient Visit
9133,0.0005923887836,FRAIS D  HEBERGEMENT EN CURE THERMALE,ACCOMMODATION COSTS FOR SPA TREATMENTS,9202,Outpatient Visit
3543,0.0005758490454,PROTHESES OCULAIRES ET FACIALES (CHAP. 5),OCULAR AND FACIAL PROSTHESES (CHAP. 5),9202,Outpatient Visit
2134,0.0005321233008,FORFAIT D AUTODIALYSE SIMPLE,SIMPLE SELF-DIALYSIS PACKAGE,9202,Outpatient Visit
1226,0.0005317430769,MD DE NUIT,NIGHT MD,9202,Outpatient Visit
1475,0.0005285111741,"PROTHESE DENTAIRE PROVISOIRE, A partir du 01/04/2019 (en date de soins) COURONNE TRANSITOIRE TARIF LIBRE","PROVISIONAL DENTAL PROTECTION, From 01/04/2019 (as of date of treatment) FREE TRANSITORY CROWN RATE",9202,Outpatient Visit
2384,0.0005150132268,"FORFAIT PSYCHIATRIE SEANCE COLL, 1 INTERVENANT 6 à 8H","PSYCHIATRY PACKAGE GROUP SESSION, 1 LECTURER 6 to 8H",9202,Outpatient Visit
9732,0.0005017053915,AIDE A L'ACQUISITION D'UNE COUVERTURE COMPLEMENTAIRE POUR LES VICTIMES DU SEUIL ACS,ASSISTANCE IN ACQUIRING SUPPLEMENTARY COVERAGE FOR VICTIMS OF THE ACS THRESHOLD,9202,Outpatient Visit
2383,0.0004902986755,FORFAIT PSYCHIATRIE SEANCE IND. 2 INTERVENANTS 3 à 4H,PSYCHIATRY PACKAGE IND. SESSION 2 INTERVENORS 3 to 4H,9202,Outpatient Visit
1124,0.000488967892,REMUNERATION MEDECIN TRAITANT PAR PATIENT  EN ALD,REMUNERATION TREATING PHYSICIAN PER PATIENT IN ALD,9202,Outpatient Visit
2332,0.000483074422,READAPTATION FONCTIONNELLE,FUNCTIONAL READAPTATION,9202,Outpatient Visit
9716,0.0004693863629,ACTION SOCIALE DENTAIRE,DENTAL SOCIAL ACTION,9202,Outpatient Visit
1228,0.0004625423333,MD  DE DIMANCHE ET JOUR FERIES,MD OF SUNDAYS AND HOLIDAYS,9202,Outpatient Visit
3538,0.0004541774082,VERRES UNIFOCAUX OP3 (CMU),UNIFOCAL LENSES OP3 (CMU),9202,Outpatient Visit
1222,0.0004515158411,VISITE URGENCE VU/MU,EMERGENCY VISIT VU/MU,9202,Outpatient Visit
3362,0.0004507553934,GARDE PHARMACIE FERIE,GUARD PHARMACY IRONWORKS,581458,Pharmacy visit
2158,0.0004229990512,FORFAIT ENVIRONNEMENT HOSPITALIER 4,HOSPITAL ENVIRONMENT PACKAGE 4,9202,Outpatient Visit
2343,0.0004098813278,FORFAIT POUR GARDE DE NUIT OU SAMEDI APRES MIDI EN ETABLIS. PRIVE,FIXED PRICE FOR NIGHT WATCH OR SATURDAY AFTERNOON IN ESTABLISHMENTS. PRIVATE,9202,Outpatient Visit
6120,0.0004028471863,INDEMNITE TEMPORAIRE D'INAPTITUDE AT/MP,TEMPORARY INCAPACITY ALLOWANCE AT/MP,9202,Outpatient Visit
1934,0.0004024669624,MAJORATION CONSULTATION REGULEE MILIEU DE NUIT,MID-NIGHT SURCHARGE FOR MID-NIGHT CONSULTATION,9202,Outpatient Visit
6012,0.0003961932686,CARENCE +,CARENCY +,9202,Outpatient Visit
2151,0.0003826953214,SUPPLEMENT REANIMATION,SUPPLEMENT RESUSCITATION,9202,Outpatient Visit
1452,0.0003792733066,"PROTHESE AMOVIBLE DEFINITIVE RESINE, A partir du 01/04/2019 (en date de soins) PROTHESE AMOVIBLE RESINE TARIF LIBRE","DEFINITIVE REMOVABLE RESIN PROTECTION, From 01/04/2019 (as of date of treatment) REMOVABLE RESIN PROTECTION FREE RATE",9202,Outpatient Visit
2333,0.0003788930827,REEDUCATION PROFESSIONNELLE,PROFESSIONAL REEDUCATION,9202,Outpatient Visit
2247,0.0003783227469,FORFAIT PSYCHIATRIE  DE SECURITE - HOSPITALISATION AVEC HEBERGEMENT,SECURITY PSYCHIATRY PACKAGE - HOSPITALIZATION WITH ACCOMMODATION,9202,Outpatient Visit